[
{
    "model": "auth.group",
    "pk": 1,
    "fields": {
        "name": "Admin",
        "permissions": []
    }
},
{
    "model": "auth.group",
    "pk": 2,
    "fields": {
        "name": "UPN",
        "permissions": []
    }
},
{
    "model": "auth.group",
    "pk": 3,
    "fields": {
        "name": "Stat",
        "permissions": []
    }
},
{
    "model": "auth.group",
    "pk": 4,
    "fields": {
        "name": "Support",
        "permissions": []
    }
},
{
    "model": "auth.group",
    "pk": 5,
    "fields": {
        "name": "Superviseur",
        "permissions": []
    }
},
{
    "model": "caisse.caisse",
    "pk": 1,
    "fields": {
        "code": "111111111",
        "name": "aaaaaaa",
        "number": "111",
        "liquidation_email": "aaa@example.com",
        "active": true,
        "parking_enable": true,
        "score": 0,
        "import_datetime": null
    }
},
{
    "model": "caisse.caisse",
    "pk": 2,
    "fields": {
        "code": "222222222",
        "name": "bbbb",
        "number": "222",
        "liquidation_email": "bbb@example.com",
        "active": true,
        "parking_enable": true,
        "score": 0,
        "import_datetime": null
    }
},
{
    "model": "caisse.caisse",
    "pk": 3,
    "fields": {
        "code": "333333333",
        "name": "inactive",
        "number": "333",
        "liquidation_email": null,
        "active": false,
        "parking_enable": true,
        "score": 2,
        "import_datetime": null
    }
},
{
    "model": "caisse.email",
    "pk": 1,
    "fields": {
        "email": "xxx@example.com",
        "caisse": 3
    }
},
{
    "model": "mrsattachment.mrsattachment",
    "pk": 1,
    "fields": {
        "mrsrequest_uuid": "13751dc2-18bb-4925-a8b4-84383a042bae",
        "filename": "1x1.png",
        "creation_datetime": "2018-05-01T17:09:27Z",
        "binary": "iVBORw0KGgoAAAANSUhEUgAAAAEAAAABAQMAAAAl21bKAAAAA1BMVEUAAACnej3aAAAAAXRSTlMAQObYZgAAAApJREFUCNdjYAAAAAIAAeIhvDMAAAAASUVORK5CYII="
    }
},
{
    "model": "mrsattachment.mrsattachment",
    "pk": 2,
    "fields": {
        "mrsrequest_uuid": "13751dc2-18bb-4925-a8b4-84383a042bae",
        "filename": "1x1.png",
        "creation_datetime": "2018-05-01T17:09:58Z",
        "binary": "iVBORw0KGgoAAAANSUhEUgAAAAEAAAABAQMAAAAl21bKAAAAA1BMVEUAAACnej3aAAAAAXRSTlMAQObYZgAAAApJREFUCNdjYAAAAAIAAeIhvDMAAAAASUVORK5CYII="
    }
},
{
    "model": "mrsattachment.mrsattachment",
    "pk": 3,
    "fields": {
        "mrsrequest_uuid": "13751dc2-18bb-4925-a8b4-84383a042bae",
        "filename": "1x1.png",
        "creation_datetime": "2018-05-01T17:10:01Z",
        "binary": "iVBORw0KGgoAAAANSUhEUgAAAAEAAAABAQMAAAAl21bKAAAAA1BMVEUAAACnej3aAAAAAXRSTlMAQObYZgAAAApJREFUCNdjYAAAAAIAAeIhvDMAAAAASUVORK5CYII="
    }
},
{
    "model": "mrsattachment.mrsattachment",
    "pk": 4,
    "fields": {
        "mrsrequest_uuid": "770efeec-34a8-49f6-ab04-c6dde9a4a679",
        "filename": "1x1.png",
        "creation_datetime": "2018-05-01T17:10:22Z",
        "binary": "iVBORw0KGgoAAAANSUhEUgAAAAEAAAABAQMAAAAl21bKAAAAA1BMVEUAAACnej3aAAAAAXRSTlMAQObYZgAAAApJREFUCNdjYAAAAAIAAeIhvDMAAAAASUVORK5CYII="
    }
},
{
    "model": "mrsattachment.mrsattachment",
    "pk": 5,
    "fields": {
        "mrsrequest_uuid": "c697cf5a-dc4d-434d-89bc-1f606d05d39d",
        "filename": "FF4D00-0.8.png",
        "creation_datetime": "2018-05-02T15:15:42Z",
        "binary": "iVBORw0KGgoAAAANSUhEUgAAAAEAAAABAQMAAAAl21bKAAAAA1BMVEX/TQBcNTh/AAAAAXRSTlPM0jRW/QAAAApJREFUeJxjYgAAAAYAAzY3fKgAAAAASUVORK5CYII="
    }
},
{
    "model": "mrsattachment.mrsattachment",
    "pk": 6,
    "fields": {
        "mrsrequest_uuid": "ad2ac0fd-95e6-4b3f-9a4b-ef581e9e07c2",
        "filename": "FF4D00-0.8.png",
        "creation_datetime": "2018-05-02T15:16:48Z",
        "binary": "iVBORw0KGgoAAAANSUhEUgAAAAEAAAABAQMAAAAl21bKAAAAA1BMVEX/TQBcNTh/AAAAAXRSTlPM0jRW/QAAAApJREFUeJxjYgAAAAYAAzY3fKgAAAAASUVORK5CYII="
    }
},
{
    "model": "mrsattachment.mrsattachment",
    "pk": 7,
    "fields": {
        "mrsrequest_uuid": "f5ac697c-d4cd-34d4-89bc-39d1f606dd05",
        "filename": "FF4D00-0.9.png",
        "creation_datetime": "2018-05-02T15:16:48Z",
        "binary": "iVBORw0KGgoAAAANSUhEUgAAAAEAAAABAQMAAAAl21bKAAAAA1BMVEX/TQBcNTh/AAAAAXRSTlPM0jRW/QAAAApJREFUeJxjYgAAAAYAAzY3fKgAAAAASUVORK5CYII="
    }
},
{
    "model": "mrsattachment.mrsattachment",
    "pk": 8,
    "fields": {
        "mrsrequest_uuid": "b83cd5c8-ae0a-4efd-b1ba-6e35775f10bb",
        "filename": "1x1.png",
        "creation_datetime": "2018-05-03T08:30:37.434Z",
        "binary": "iVBORw0KGgoAAAANSUhEUgAAAAEAAAABAQMAAAAl21bKAAAAA1BMVEUAAACnej3aAAAAAXRSTlMAQObYZgAAAApJREFUCNdjYAAAAAIAAeIhvDMAAAAASUVORK5CYII="
    }
},
{
    "model": "mrsattachment.mrsattachment",
    "pk": 9,
    "fields": {
        "mrsrequest_uuid": "b83cd5c8-ae0a-4efd-b1ba-6e35775f10bb",
        "filename": "1x1.png",
        "creation_datetime": "2018-05-03T08:31:32.294Z",
        "binary": "iVBORw0KGgoAAAANSUhEUgAAAAEAAAABAQMAAAAl21bKAAAAA1BMVEUAAACnej3aAAAAAXRSTlMAQObYZgAAAApJREFUCNdjYAAAAAIAAeIhvDMAAAAASUVORK5CYII="
    }
},
{
    "model": "mrsattachment.mrsattachment",
    "pk": 10,
    "fields": {
        "mrsrequest_uuid": "35fe2514-b1e7-4f97-955a-f163788afdf3",
        "filename": "1x1.png",
        "creation_datetime": "2018-05-03T08:32:29.953Z",
        "binary": "iVBORw0KGgoAAAANSUhEUgAAAAEAAAABAQMAAAAl21bKAAAAA1BMVEUAAACnej3aAAAAAXRSTlMAQObYZgAAAApJREFUCNdjYAAAAAIAAeIhvDMAAAAASUVORK5CYII="
    }
},
{
    "model": "mrsattachment.mrsattachment",
    "pk": 11,
    "fields": {
        "mrsrequest_uuid": "35fe2514-b1e7-4f97-955a-f163788afdf3",
        "filename": "1x1.png",
        "creation_datetime": "2018-05-03T08:32:50.092Z",
        "binary": "iVBORw0KGgoAAAANSUhEUgAAAAEAAAABAQMAAAAl21bKAAAAA1BMVEUAAACnej3aAAAAAXRSTlMAQObYZgAAAApJREFUCNdjYAAAAAIAAeIhvDMAAAAASUVORK5CYII="
    }
},
{
    "model": "mrsattachment.mrsattachment",
    "pk": 12,
    "fields": {
        "mrsrequest_uuid": "35fe2514-b1e7-4f97-955a-f163788afdf3",
        "filename": "1x1.png",
        "creation_datetime": "2018-05-03T08:32:54.738Z",
        "binary": "iVBORw0KGgoAAAANSUhEUgAAAAEAAAABAQMAAAAl21bKAAAAA1BMVEUAAACnej3aAAAAAXRSTlMAQObYZgAAAApJREFUCNdjYAAAAAIAAeIhvDMAAAAASUVORK5CYII="
    }
},
{
    "model": "mrsattachment.mrsattachment",
    "pk": 13,
    "fields": {
        "mrsrequest_uuid": "767b8123-2134-48cb-8177-0c411309a0b1",
        "filename": "utterances.png",
        "creation_datetime": "2018-05-03T15:40:52.759Z",
        "binary": "iVBORw0KGgoAAAANSUhEUgAAAAEAAAABAQMAAAAl21bKAAAAA1BMVEUAAACnej3aAAAAAXRSTlMAQObYZgAAAApJREFUCNdjYAAAAAIAAeIhvDMAAAAASUVORK5CYII="
    }
},
{
    "model": "mrsemail.emailtemplate",
    "pk": 1,
    "fields": {
        "name": "PMT: manquante",
        "subject": "PMT manquante sur {{ display_id }}",
        "body": "PMT manquante sur {{ display_id }}: Contenu de mail",
        "active": true,
        "menu": "reject",
        "counter": 1
    }
},
{
    "model": "mrsemail.emailtemplate",
    "pk": 2,
    "fields": {
        "name": "Possibilit\u00e9 de trajets it\u00e9ratifs",
        "subject": "Nous avons un super conseil pour vous !",
        "body": "les trajets iteratifs c'est super chouetos !",
        "active": true,
        "menu": "contact",
        "counter": 1
    }
},
{
    "model": "mrsrequest.bill",
    "pk": 2,
    "fields": {
        "mrsrequest": "13751dc2-18bb-4925-a8b4-84383a042bae",
        "mode": "vp"
    }
},
{
    "model": "mrsrequest.bill",
    "pk": 3,
    "fields": {
        "mrsrequest": "13751dc2-18bb-4925-a8b4-84383a042bae",
        "mode": "vp"
    }
},
{
    "model": "mrsrequest.bill",
    "pk": 9,
    "fields": {
        "mrsrequest": "b83cd5c8-ae0a-4efd-b1ba-6e35775f10bb",
        "mode": "atp"
    }
},
{
    "model": "mrsrequest.bill",
    "pk": 11,
    "fields": {
        "mrsrequest": "35fe2514-b1e7-4f97-955a-f163788afdf3",
        "mode": "vp"
    }
},
{
    "model": "mrsrequest.bill",
    "pk": 12,
    "fields": {
        "mrsrequest": "35fe2514-b1e7-4f97-955a-f163788afdf3",
        "mode": "atp"
    }
},
{
    "model": "mrsrequest.pmt",
    "pk": 1,
    "fields": {
        "mrsrequest": "13751dc2-18bb-4925-a8b4-84383a042bae"
    }
},
{
    "model": "mrsrequest.pmt",
    "pk": 5,
    "fields": {
        "mrsrequest": "c697cf5a-dc4d-434d-89bc-1f606d05d39d"
    }
},
{
    "model": "mrsrequest.pmt",
    "pk": 6,
    "fields": {
        "mrsrequest": "ad2ac0fd-95e6-4b3f-9a4b-ef581e9e07c2"
    }
},
{
    "model": "mrsrequest.pmt",
    "pk": 7,
    "fields": {
        "mrsrequest": "f5ac697c-d4cd-34d4-89bc-39d1f606dd05"
    }
},
{
    "model": "mrsrequest.pmt",
    "pk": 8,
    "fields": {
        "mrsrequest": "b83cd5c8-ae0a-4efd-b1ba-6e35775f10bb"
    }
},
{
    "model": "mrsrequest.pmt",
    "pk": 10,
    "fields": {
        "mrsrequest": "35fe2514-b1e7-4f97-955a-f163788afdf3"
    }
},
{
    "model": "mrsrequest.pmt",
    "pk": 13,
    "fields": {
        "mrsrequest": "767b8123-2134-48cb-8177-0c411309a0b1"
    }
},
{
    "model": "mrsrequest.transport",
    "pk": 1,
    "fields": {
        "mrsrequest": "13751dc2-18bb-4925-a8b4-84383a042bae",
        "date_depart": "2018-04-30",
        "date_return": "2018-04-30"
    }
},
{
    "model": "mrsrequest.transport",
    "pk": 2,
    "fields": {
        "mrsrequest": "13751dc2-18bb-4925-a8b4-84383a042bae",
        "date_depart": "2018-04-29",
        "date_return": "2018-04-29"
    }
},
{
    "model": "mrsrequest.transport",
    "pk": 3,
    "fields": {
        "mrsrequest": "770efeec-34a8-49f6-ab04-c6dde9a4a679",
        "date_depart": "2018-04-29",
        "date_return": "2018-04-29"
    }
},
{
    "model": "mrsrequest.transport",
    "pk": 4,
    "fields": {
        "mrsrequest": "c697cf5a-dc4d-434d-89bc-1f606d05d39d",
        "date_depart": "2018-03-26",
        "date_return": "2018-03-26"
    }
},
{
    "model": "mrsrequest.transport",
    "pk": 5,
    "fields": {
        "mrsrequest": "ad2ac0fd-95e6-4b3f-9a4b-ef581e9e07c2",
        "date_depart": "2018-05-01",
        "date_return": "2018-05-01"
    }
},
{
    "model": "mrsrequest.transport",
    "pk": 6,
    "fields": {
        "mrsrequest": "b83cd5c8-ae0a-4efd-b1ba-6e35775f10bb",
        "date_depart": "2018-05-01",
        "date_return": null
    }
},
{
    "model": "mrsrequest.transport",
    "pk": 7,
    "fields": {
        "mrsrequest": "b83cd5c8-ae0a-4efd-b1ba-6e35775f10bb",
        "date_depart": "2018-05-02",
        "date_return": null
    }
},
{
    "model": "mrsrequest.transport",
    "pk": 8,
    "fields": {
        "mrsrequest": "35fe2514-b1e7-4f97-955a-f163788afdf3",
        "date_depart": "2018-05-01",
        "date_return": null
    }
},
{
    "model": "mrsrequest.transport",
    "pk": 9,
    "fields": {
        "mrsrequest": "35fe2514-b1e7-4f97-955a-f163788afdf3",
        "date_depart": "2018-04-01",
        "date_return": null
    }
},
{
    "model": "mrsrequest.transport",
    "pk": 10,
    "fields": {
        "mrsrequest": "767b8123-2134-48cb-8177-0c411309a0b1",
        "date_depart": "2018-05-02",
        "date_return": null
    }
},
{
    "model": "mrsrequest.transport",
    "pk": 11,
    "fields": {
        "mrsrequest": "f5ac697c-d4cd-34d4-89bc-39d1f606dd05",
        "date_depart": "2018-04-27",
        "date_return": "2018-04-28"
    }
},
{
    "model": "mrsuser.user",
    "pk": 1,
    "fields": {
        "password": "pbkdf2_sha256$120000$1owAfHJwieuy$Lmit2vEdnEpLnnPtEoMP8bYgG/Lll91ACLPAcpHisCQ=",
        "last_login": "2018-05-31T15:26:33.308Z",
        "is_superuser": false,
        "username": "test",
        "first_name": "",
        "last_name": "",
        "email": "t@tt.tt",
        "is_active": true,
        "date_joined": "2018-05-01T17:05:57Z",
        "groups": [
            1
        ],
        "user_permissions": [],
        "caisses": []
    }
},
{
    "model": "mrsuser.user",
    "pk": 2,
    "fields": {
        "password": "pbkdf2_sha256$100000$UFg967PHT26y$FbgutuXw8aKNbKdcNFBmGkw8v6UFaU/RlxVA3BjaPmo=",
        "last_login": "2018-05-01T17:12:17Z",
        "is_superuser": false,
        "username": "a",
        "first_name": "",
        "last_name": "",
        "email": "a@aa.aa",
        "is_active": true,
        "date_joined": "2018-05-01T17:11:24Z",
        "groups": [
            2
        ],
        "user_permissions": [],
        "caisses": [
            1
        ]
    }
},
{
    "model": "mrsuser.user",
    "pk": 3,
    "fields": {
        "password": "pbkdf2_sha256$100000$UFg967PHT26y$FbgutuXw8aKNbKdcNFBmGkw8v6UFaU/RlxVA3BjaPmo=",
        "last_login": "2018-07-30T18:05:35Z",
        "is_superuser": false,
        "username": "b",
        "first_name": "",
        "last_name": "",
        "email": "b@example.com",
        "is_active": true,
        "date_joined": "2018-05-01T17:11:40Z",
        "groups": [
            2
        ],
        "user_permissions": [],
        "caisses": [
            2
        ]
    }
},
{
    "model": "mrsuser.user",
    "pk": 4,
    "fields": {
        "password": "pbkdf2_sha256$100000$UFg967PHT26y$FbgutuXw8aKNbKdcNFBmGkw8v6UFaU/RlxVA3BjaPmo=",
        "last_login": null,
        "is_superuser": false,
        "username": "supporta",
        "first_name": "SupportA Prenom",
        "last_name": "Suport A Nom",
        "email": "supporta@example.com",
        "is_active": true,
        "date_joined": "2018-07-29T19:50:05Z",
        "groups": [
            4
        ],
        "user_permissions": [],
        "caisses": [
            1
        ]
    }
},
{
    "model": "mrsuser.user",
    "pk": 5,
    "fields": {
        "password": "pbkdf2_sha256$100000$UFg967PHT26y$FbgutuXw8aKNbKdcNFBmGkw8v6UFaU/RlxVA3BjaPmo=",
        "last_login": null,
        "is_superuser": false,
        "username": "stata",
        "first_name": "Stat prenom",
        "last_name": "Stat nom",
        "email": "stata@example.com",
        "is_active": true,
        "date_joined": "2018-07-29T19:50:42Z",
        "groups": [
            3
        ],
        "user_permissions": [],
        "caisses": [
            1
        ]
    }
},
{
    "model": "mrsuser.user",
    "pk": 6,
    "fields": {
        "password": "pbkdf2_sha256$100000$UFg967PHT26y$FbgutuXw8aKNbKdcNFBmGkw8v6UFaU/RlxVA3BjaPmo=",
        "last_login": null,
        "is_superuser": false,
        "username": "statb",
        "first_name": "Statbprenom",
        "last_name": "Statbnom",
        "email": "statb@examplec.mo",
        "is_active": true,
        "date_joined": "2018-07-29T19:52:24Z",
        "groups": [
            3
        ],
        "user_permissions": [],
        "caisses": [
            2
        ]
    }
},
{
    "model": "mrsuser.user",
    "pk": 7,
    "fields": {
        "password": "pbkdf2_sha256$100000$UFg967PHT26y$FbgutuXw8aKNbKdcNFBmGkw8v6UFaU/RlxVA3BjaPmo=",
        "last_login": null,
        "is_superuser": false,
        "username": "supportb",
        "first_name": "Support B Prenom",
        "last_name": "Support B Nom",
        "email": "supportb@example.com",
        "is_active": true,
        "date_joined": "2018-07-29T19:52:58Z",
        "groups": [
            4
        ],
        "user_permissions": [],
        "caisses": [
            2
        ]
    }
},
{
    "model": "mrsuser.user",
    "pk": 8,
    "fields": {
        "password": "pbkdf2_sha256$100000$UFg967PHT26y$FbgutuXw8aKNbKdcNFBmGkw8v6UFaU/RlxVA3BjaPmo=",
        "last_login": null,
        "is_superuser": false,
        "username": "superviseura",
        "first_name": "Superviseur A Prenom",
        "last_name": "Superviseur A Nom",
        "email": "superviseura@example.com",
        "is_active": true,
        "date_joined": "2018-07-29T19:52:58Z",
        "groups": [
            5
        ],
        "user_permissions": [],
        "caisses": [
            1
        ]
    }
},
{
    "model": "person.person",
    "pk": 1,
    "fields": {
        "first_name": "aoeu",
        "last_name": "aoeu",
        "birth_date": "2000-04-30",
        "email": "aoeu@example.com",
        "use_email": false,
        "nir": "1111111111111",
        "shifted": null,
        "conflicts_accepted": 0,
        "conflicts_resolved": 0
    }
},
{
    "model": "person.person",
    "pk": 2,
    "fields": {
        "first_name": "uea",
        "last_name": "ue",
        "birth_date": "2000-04-30",
        "email": "aoeaoeuu@example.com",
        "use_email": false,
        "nir": "2333333333333",
        "shifted": null,
        "conflicts_accepted": 0,
        "conflicts_resolved": 0
    }
},
{
    "model": "person.person",
    "pk": 3,
    "fields": {
        "first_name": "\u00e0\u00f4\u00e9\u00fb",
        "last_name": "\u00e0\u00f4\u00e9\u00fboaeu",
        "birth_date": "2000-05-06",
        "email": "jpic@example.com",
        "use_email": false,
        "nir": "3212312312312",
        "shifted": null,
        "conflicts_accepted": 0,
        "conflicts_resolved": 0
    }
},
{
    "model": "person.person",
    "pk": 4,
    "fields": {
        "first_name": "oaeu",
        "last_name": "oaeuoaeuao",
        "birth_date": "2000-05-29",
        "email": "test@test.com",
        "use_email": false,
        "nir": "1223123123123",
        "shifted": true,
        "conflicts_accepted": 2,
        "conflicts_resolved": 1
    }
},
{
    "model": "person.person",
    "pk": 5,
    "fields": {
        "first_name": "titi",
        "last_name": "rominet",
        "birth_date": "2001-01-01",
        "email": "jim@example.com",
        "use_email": true,
        "nir": "1223123123122",
        "shifted": null,
        "conflicts_accepted": 0,
        "conflicts_resolved": 0
    }
},
{
    "model": "person.person",
    "pk": 6,
    "fields": {
        "first_name": "titi",
        "last_name": "rominet",
        "birth_date": "2000-12-31",
        "email": "jim@example.com",
        "use_email": true,
        "nir": "1223123123129",
        "shifted": null,
        "conflicts_accepted": 0,
        "conflicts_resolved": 0
    }
},
{
    "model": "mrsrequest.mrsrequestlogentry",
    "pk": 11,
    "fields": {
        "datetime": "2018-05-01T15:13:15Z",
        "user": 2,
        "mrsrequest": "13751dc2-18bb-4925-a8b4-84383a042bae",
        "comment": "En cours de liquidation",
        "data": null,
        "action": 1000
    }
},
{
    "model": "mrsrequest.mrsrequestlogentry",
    "pk": 12,
    "fields": {
        "datetime": "2018-05-01T17:13:27Z",
        "user": 2,
        "mrsrequest": "13751dc2-18bb-4925-a8b4-84383a042bae",
        "comment": "Rejet pour autre motif",
        "data": {
            "body": "corps\nblabla",
            "subject": "Rejet pour autre motif"
        },
        "action": 999
    }
},
{
    "model": "mrsrequest.mrsrequestlogentry",
    "pk": 13,
    "fields": {
        "datetime": "2018-05-03T15:16:31Z",
        "user": 1,
        "mrsrequest": "c697cf5a-dc4d-434d-89bc-1f606d05d39d",
        "comment": "En cours de liquidation",
        "data": null,
        "action": 1000
    }
},
{
    "model": "mrsrequest.mrsrequestlogentry",
    "pk": 14,
    "fields": {
        "datetime": "2018-05-04T15:16:35Z",
        "user": 1,
        "mrsrequest": "c697cf5a-dc4d-434d-89bc-1f606d05d39d",
        "comment": "Valid\u00e9e",
        "data": null,
        "action": 2000
    }
},
{
    "model": "mrsrequest.mrsrequestlogentry",
    "pk": 15,
    "fields": {
        "datetime": "2018-05-05T15:17:19Z",
        "user": 1,
        "mrsrequest": "ad2ac0fd-95e6-4b3f-9a4b-ef581e9e07c2",
        "comment": "En cours de liquidation",
        "data": null,
        "action": 1000
    }
},
{
    "model": "mrsrequest.mrsrequestlogentry",
    "pk": 16,
    "fields": {
        "datetime": "2018-05-03T18:05:57Z",
        "user": 3,
        "mrsrequest": "f5ac697c-d4cd-34d4-89bc-39d1f606dd05",
        "comment": "En cours de liquidation",
        "data": null,
        "action": 1000
    }
},
{
    "model": "mrsrequest.mrsrequestlogentry",
    "pk": 17,
    "fields": {
        "datetime": "2018-05-04T18:06:03Z",
        "user": 3,
        "mrsrequest": "f5ac697c-d4cd-34d4-89bc-39d1f606dd05",
        "comment": "Valid\u00e9e",
        "data": null,
        "action": 2000
    }
},
{
    "model": "mrsrequest.mrsrequestlogentry",
    "pk": 18,
    "fields": {
        "datetime": "2018-05-03T14:20:42.389Z",
        "user": 1,
        "mrsrequest": "b83cd5c8-ae0a-4efd-b1ba-6e35775f10bb",
        "comment": "En cours de liquidation",
        "data": {},
        "action": 1000
    }
},
{
    "model": "mrsrequest.mrsrequestlogentry",
    "pk": 19,
    "fields": {
        "datetime": "2018-05-03T14:20:46.330Z",
        "user": 1,
        "mrsrequest": "b83cd5c8-ae0a-4efd-b1ba-6e35775f10bb",
        "comment": "Valid\u00e9e",
        "data": {},
        "action": 2000
    }
},
{
    "model": "mrsrequest.mrsrequestlogentry",
    "pk": 20,
    "fields": {
        "datetime": "2018-05-03T14:20:56.800Z",
        "user": 1,
        "mrsrequest": "35fe2514-b1e7-4f97-955a-f163788afdf3",
        "comment": "En cours de liquidation",
        "data": {},
        "action": 1000
    }
},
{
    "model": "mrsrequest.mrsrequestlogentry",
    "pk": 21,
    "fields": {
        "datetime": "2018-05-03T14:21:01.521Z",
        "user": 1,
        "mrsrequest": "35fe2514-b1e7-4f97-955a-f163788afdf3",
        "comment": "Valid\u00e9e",
        "data": {},
        "action": 2000
    }
},
{
    "model": "mrsrequest.mrsrequestlogentry",
    "pk": 22,
    "fields": {
        "datetime": "2018-05-24T00:43:52.019Z",
        "user": 1,
        "mrsrequest": "35fe2514-b1e7-4f97-955a-f163788afdf3",
        "comment": "Possibilit\u00e9 de trajets it\u00e9ratifs",
        "data": {
            "body": "les trajets iteratifs c'est super chouetos !",
            "subject": "Nous avons un super conseil pour vous !"
        },
        "action": 800
    }
},
{
    "model": "mrsrequest.mrsrequestlogentry",
    "pk": 23,
    "fields": {
        "datetime": "2018-05-31T15:42:37.807Z",
        "user": 1,
        "mrsrequest": "767b8123-2134-48cb-8177-0c411309a0b1",
        "comment": "Modification de NIR et Date de naissance",
        "data": {
            "changed": {
                "nir": [
                    1223123123122,
                    1223123123129
                ],
                "insured": [
                    5,
                    6
                ],
                "birth_date": [
                    "01/01/2001",
                    "31/12/2000"
                ]
            }
        },
        "action": 2
    }
},
{
    "model": "mrsrequest.mrsrequestlogentry",
    "pk": 24,
    "fields": {
        "datetime": "2019-03-08T08:25:50.265Z",
        "user": 1,
        "mrsrequest": "ad2ac0fd-95e6-4b3f-9a4b-ef581e9e07c2",
        "comment": "fraude potentielle",
        "data": null,
        "action": 900
    }
},
{
    "model": "mrsrequest.mrsrequest",
    "pk": "13751dc2-18bb-4925-a8b4-84383a042bae",
    "fields": {
        "creation_datetime": "2018-05-01T17:10:12Z",
        "display_id": 201805010000,
        "caisse": 1,
        "insured": 1,
        "insured_shift": null,
        "modevp": true,
        "distancevp": 123,
        "expensevp": "3.00",
        "expensevp_parking": "1.00",
        "expensevp_toll": "2.00",
        "modeatp": false,
        "expenseatp": "0.00",
        "status": 999,
        "status_datetime": "2018-05-01T17:13:27Z",
        "status_user": 2,
        "suspended": false,
        "institution": null,
        "mandate_datevp": null,
        "mandate_dateatp": null,
        "payment_base": null,
        "payment_amount": null,
        "adeli": null,
        "data": {
            "nir": "1111111111111",
            "email": "aoeu@example.com",
            "last_name": "aoeu",
            "birth_date": "2000-04-30",
            "first_name": "aoeu"
        },
        "conflicts_accepted": 0,
        "conflicts_resolved": 0,
        "taxi_cost": "188.24",
        "saving": "0.00",
        "delay": null
    }
},
{
    "model": "mrsrequest.mrsrequest",
    "pk": "35fe2514-b1e7-4f97-955a-f163788afdf3",
    "fields": {
        "creation_datetime": "2018-05-03T08:32:58.790Z",
        "display_id": 201805030001,
        "caisse": 2,
        "insured": 4,
        "insured_shift": null,
        "modevp": true,
        "distancevp": 1,
        "expensevp": "1.00",
        "modeatp": true,
        "expenseatp": "3.00",
        "status": 2000,
        "status_datetime": "2018-05-03T14:21:01.400Z",
        "status_user": 1,
        "suspended": false,
        "institution": null,
        "mandate_datevp": null,
        "mandate_dateatp": null,
        "payment_base": null,
        "payment_amount": null,
        "adeli": null,
        "data": {
            "nir": "1223123123123",
            "email": "test@test.com",
            "last_name": "oaeuoaeuao",
            "birth_date": "2000-05-29",
            "first_name": "oaeu"
        },
        "conflicts_accepted": 1,
        "conflicts_resolved": 1,
        "taxi_cost": "4.93",
        "saving": null,
        "delay": null
    }
},
{
    "model": "mrsrequest.mrsrequest",
    "pk": "767b8123-2134-48cb-8177-0c411309a0b1",
    "fields": {
        "creation_datetime": "2018-05-03T15:41:58.150Z",
        "display_id": 201810310000,
        "caisse": 1,
        "insured": 6,
        "insured_shift": null,
        "modevp": true,
        "distancevp": 10,
        "expensevp": "0.00",
        "modeatp": false,
        "expenseatp": "0.00",
        "status": 1,
        "status_datetime": null,
        "status_user": null,
        "suspended": false,
        "institution": null,
        "mandate_datevp": null,
        "mandate_dateatp": null,
        "payment_base": null,
        "payment_amount": null,
        "adeli": null,
        "data": {
            "nir": "1223123123122",
            "email": "jim@example.com",
            "last_name": "rominet",
            "birth_date": "01/01/2001",
            "first_name": "titi"
        },
        "conflicts_accepted": 0,
        "conflicts_resolved": 0,
        "taxi_cost": "16.47",
        "saving": "0.00",
        "delay": null
    }
},
{
    "model": "mrsrequest.mrsrequest",
    "pk": "770efeec-34a8-49f6-ab04-c6dde9a4a679",
    "fields": {
        "creation_datetime": "2018-05-01T17:10:48Z",
        "display_id": 201805010001,
        "caisse": 2,
        "insured": 2,
        "insured_shift": null,
        "modevp": true,
        "distancevp": 12,
        "expensevp": "0.00",
        "pel": "d34db33f1337af",
        "modeatp": false,
        "expenseatp": "0.00",
        "status": 2000,
        "status_datetime": "2018-07-30T18:06:03Z",
        "status_user": 3,
        "suspended": false,
        "institution": null,
        "mandate_datevp": null,
        "mandate_dateatp": null,
        "payment_base": null,
        "payment_amount": null,
        "adeli": null,
        "data": {
            "nir": "2333333333333",
            "email": "aoeaoeuu@example.com",
            "last_name": "ue",
            "birth_date": "2000-04-30",
            "first_name": "uea"
        },
        "conflicts_accepted": 0,
        "conflicts_resolved": 0,
        "taxi_cost": "21.15",
        "saving": "0.00",
        "delay": null
    }
},
{
    "model": "mrsrequest.mrsrequest",
    "pk": "ad2ac0fd-95e6-4b3f-9a4b-ef581e9e07c2",
    "fields": {
        "creation_datetime": "2018-05-02T15:17:03Z",
        "display_id": 201805020001,
        "caisse": 1,
        "insured": 4,
        "insured_shift": null,
        "modevp": true,
        "distancevp": 3,
        "expensevp": "0.00",
        "modeatp": false,
        "expenseatp": "0.00",
        "status": 1000,
        "status_datetime": "2018-05-05T15:17:19Z",
        "status_user": 1,
        "suspended": true,
        "institution": null,
        "mandate_datevp": null,
        "mandate_dateatp": null,
        "payment_base": null,
        "payment_amount": null,
        "adeli": null,
        "data": {
            "nir": "1223123123123",
            "email": "test@test.com",
            "last_name": "oaeuoaeuao",
            "birth_date": "2000-05-29",
            "first_name": "oaeu"
        },
        "conflicts_accepted": 0,
        "conflicts_resolved": 0,
        "taxi_cost": "7.88",
        "saving": null,
        "delay": null
    }
},
{
    "model": "mrsrequest.mrsrequest",
    "pk": "b83cd5c8-ae0a-4efd-b1ba-6e35775f10bb",
    "fields": {
        "creation_datetime": "2018-05-03T08:31:36.603Z",
        "display_id": 201805030000,
        "caisse": 2,
        "insured": 4,
        "insured_shift": null,
        "modevp": false,
        "distancevp": null,
        "expensevp": "0.00",
        "modeatp": true,
        "expenseatp": "4.00",
        "status": 2000,
        "status_datetime": "2018-05-03T14:20:46.198Z",
        "status_user": 1,
        "suspended": false,
        "institution": null,
        "mandate_datevp": null,
        "mandate_dateatp": null,
        "payment_base": null,
        "payment_amount": null,
        "adeli": null,
        "data": {
            "nir": "1223123123123",
            "email": "test@test.com",
            "last_name": "oaeuoaeuao",
            "birth_date": "2000-05-29",
            "first_name": "oaeu"
        },
        "conflicts_accepted": 1,
        "conflicts_resolved": 0,
        "taxi_cost": "3.46",
        "saving": null,
        "delay": null
    }
},
{
    "model": "mrsrequest.mrsrequest",
    "pk": "c697cf5a-dc4d-434d-89bc-1f606d05d39d",
    "fields": {
        "creation_datetime": "2018-05-02T15:16:12Z",
        "display_id": 201805020000,
        "caisse": 1,
        "insured": 3,
        "insured_shift": null,
        "modevp": true,
        "distancevp": 5,
        "expensevp": "0.00",
        "modeatp": false,
        "expenseatp": "0.00",
        "status": 2000,
        "status_datetime": "2018-05-04T15:16:35Z",
        "status_user": 1,
        "suspended": false,
        "institution": null,
        "mandate_datevp": null,
        "mandate_dateatp": null,
        "payment_base": null,
        "payment_amount": null,
        "adeli": null,
        "data": {
            "nir": "3212312312312",
            "email": "jpic@example.com",
            "last_name": "\u00e0\u00f4\u00e9\u00fboaeu",
            "birth_date": "2000-05-06",
            "first_name": "\u00e0\u00f4\u00e9\u00fb"
        },
        "conflicts_accepted": 0,
        "conflicts_resolved": 0,
        "taxi_cost": "10.83",
        "saving": "0.00",
        "delay": null
    }
},
{
    "model": "mrsrequest.mrsrequest",
    "pk": "f5ac697c-d4cd-34d4-89bc-39d1f606dd05",
    "fields": {
        "creation_datetime": "2018-05-02T15:18:12Z",
        "display_id": 201805020002,
        "caisse": 1,
        "insured": 4,
        "insured_shift": true,
        "modevp": true,
        "distancevp": 5,
        "expensevp": "0.00",
        "modeatp": false,
        "expenseatp": "0.00",
        "status": 2000,
        "status_datetime": "2018-05-04T15:16:35Z",
        "status_user": 1,
        "suspended": false,
        "institution": null,
        "mandate_datevp": "2018-05-03",
        "mandate_dateatp": null,
        "payment_base": "2.00",
        "payment_amount": "2.00",
        "adeli": null,
        "data": {
            "nir": "1223123123123",
            "email": "test@test.com",
            "last_name": "oaeuoaeuao",
            "birth_date": "2000-05-29",
            "first_name": "oaeu"
        },
        "conflicts_accepted": 0,
        "conflicts_resolved": 0,
        "taxi_cost": "10.83",
        "saving": "8.83",
        "delay": "0.36"
    }
}
]
