[
{
    "model": "caisse.caisse",
    "pk": 1,
    "fields": {
        "code": "111111111",
        "name": "aaaaaaa",
        "number": "111",
        "liquidation_email": "aaa@example.com",
        "active": true,
        "parking_enable": true,
        "score": 0
    }
},
{
    "model": "caisse.caisse",
    "pk": 2,
    "fields": {
        "code": "222222222",
        "name": "bbbb",
        "number": "222",
        "liquidation_email": "bbb@example.com",
        "active": true,
        "parking_enable": true,
        "score": 0
    }
},
{
    "model": "caisse.caisse",
    "pk": 3,
    "fields": {
        "code": "333333333",
        "name": "inactive",
        "number": "333",
        "liquidation_email": null,
        "active": false,
        "parking_enable": true,
        "score": 2
    }
},
{
    "model": "caisse.email",
    "pk": 1,
    "fields": {
        "email": "xxx@example.com",
        "caisse": 3
    }
},
{
    "model": "mrsattachment.mrsattachment",
    "pk": 1,
    "fields": {
        "mrsrequest_uuid": "13751dc2-18bb-4925-a8b4-84383a042bae",
        "filename": "1x1.png",
        "creation_datetime": "2018-05-01T17:09:27Z",
        "binary": "iVBORw0KGgoAAAANSUhEUgAAAAEAAAABAQMAAAAl21bKAAAAA1BMVEUAAACnej3aAAAAAXRSTlMAQObYZgAAAApJREFUCNdjYAAAAAIAAeIhvDMAAAAASUVORK5CYII="
    }
},
{
    "model": "mrsattachment.mrsattachment",
    "pk": 2,
    "fields": {
        "mrsrequest_uuid": "13751dc2-18bb-4925-a8b4-84383a042bae",
        "filename": "1x1.png",
        "creation_datetime": "2018-05-01T17:09:58Z",
        "binary": "iVBORw0KGgoAAAANSUhEUgAAAAEAAAABAQMAAAAl21bKAAAAA1BMVEUAAACnej3aAAAAAXRSTlMAQObYZgAAAApJREFUCNdjYAAAAAIAAeIhvDMAAAAASUVORK5CYII="
    }
},
{
    "model": "mrsattachment.mrsattachment",
    "pk": 3,
    "fields": {
        "mrsrequest_uuid": "13751dc2-18bb-4925-a8b4-84383a042bae",
        "filename": "1x1.png",
        "creation_datetime": "2018-05-01T17:10:01Z",
        "binary": "iVBORw0KGgoAAAANSUhEUgAAAAEAAAABAQMAAAAl21bKAAAAA1BMVEUAAACnej3aAAAAAXRSTlMAQObYZgAAAApJREFUCNdjYAAAAAIAAeIhvDMAAAAASUVORK5CYII="
    }
},
{
    "model": "mrsattachment.mrsattachment",
    "pk": 4,
    "fields": {
        "mrsrequest_uuid": "770efeec-34a8-49f6-ab04-c6dde9a4a679",
        "filename": "1x1.png",
        "creation_datetime": "2018-05-01T17:10:22Z",
        "binary": "iVBORw0KGgoAAAANSUhEUgAAAAEAAAABAQMAAAAl21bKAAAAA1BMVEUAAACnej3aAAAAAXRSTlMAQObYZgAAAApJREFUCNdjYAAAAAIAAeIhvDMAAAAASUVORK5CYII="
    }
},
{
    "model": "mrsattachment.mrsattachment",
    "pk": 5,
    "fields": {
        "mrsrequest_uuid": "c697cf5a-dc4d-434d-89bc-1f606d05d39d",
        "filename": "FF4D00-0.8.png",
        "creation_datetime": "2018-05-02T15:15:42Z",
        "binary": "iVBORw0KGgoAAAANSUhEUgAAAAEAAAABAQMAAAAl21bKAAAAA1BMVEX/TQBcNTh/AAAAAXRSTlPM0jRW/QAAAApJREFUeJxjYgAAAAYAAzY3fKgAAAAASUVORK5CYII="
    }
},
{
    "model": "mrsattachment.mrsattachment",
    "pk": 6,
    "fields": {
        "mrsrequest_uuid": "ad2ac0fd-95e6-4b3f-9a4b-ef581e9e07c2",
        "filename": "FF4D00-0.8.png",
        "creation_datetime": "2018-05-02T15:16:48Z",
        "binary": "iVBORw0KGgoAAAANSUhEUgAAAAEAAAABAQMAAAAl21bKAAAAA1BMVEX/TQBcNTh/AAAAAXRSTlPM0jRW/QAAAApJREFUeJxjYgAAAAYAAzY3fKgAAAAASUVORK5CYII="
    }
},
{
    "model": "mrsattachment.mrsattachment",
    "pk": 7,
    "fields": {
        "mrsrequest_uuid": "f5ac697c-d4cd-34d4-89bc-39d1f606dd05",
        "filename": "FF4D00-0.9.png",
        "creation_datetime": "2018-05-02T15:16:48Z",
        "binary": "iVBORw0KGgoAAAANSUhEUgAAAAEAAAABAQMAAAAl21bKAAAAA1BMVEX/TQBcNTh/AAAAAXRSTlPM0jRW/QAAAApJREFUeJxjYgAAAAYAAzY3fKgAAAAASUVORK5CYII="
    }
},
{
    "model": "mrsattachment.mrsattachment",
    "pk": 8,
    "fields": {
        "mrsrequest_uuid": "b83cd5c8-ae0a-4efd-b1ba-6e35775f10bb",
        "filename": "1x1.png",
        "creation_datetime": "2018-10-23T08:30:37.434Z",
        "binary": "iVBORw0KGgoAAAANSUhEUgAAAAEAAAABAQMAAAAl21bKAAAAA1BMVEUAAACnej3aAAAAAXRSTlMAQObYZgAAAApJREFUCNdjYAAAAAIAAeIhvDMAAAAASUVORK5CYII="
    }
},
{
    "model": "mrsattachment.mrsattachment",
    "pk": 9,
    "fields": {
        "mrsrequest_uuid": "b83cd5c8-ae0a-4efd-b1ba-6e35775f10bb",
        "filename": "1x1.png",
        "creation_datetime": "2018-10-23T08:31:32.294Z",
        "binary": "iVBORw0KGgoAAAANSUhEUgAAAAEAAAABAQMAAAAl21bKAAAAA1BMVEUAAACnej3aAAAAAXRSTlMAQObYZgAAAApJREFUCNdjYAAAAAIAAeIhvDMAAAAASUVORK5CYII="
    }
},
{
    "model": "mrsattachment.mrsattachment",
    "pk": 10,
    "fields": {
        "mrsrequest_uuid": "35fe2514-b1e7-4f97-955a-f163788afdf3",
        "filename": "1x1.png",
        "creation_datetime": "2018-10-23T08:32:29.953Z",
        "binary": "iVBORw0KGgoAAAANSUhEUgAAAAEAAAABAQMAAAAl21bKAAAAA1BMVEUAAACnej3aAAAAAXRSTlMAQObYZgAAAApJREFUCNdjYAAAAAIAAeIhvDMAAAAASUVORK5CYII="
    }
},
{
    "model": "mrsattachment.mrsattachment",
    "pk": 11,
    "fields": {
        "mrsrequest_uuid": "35fe2514-b1e7-4f97-955a-f163788afdf3",
        "filename": "1x1.png",
        "creation_datetime": "2018-10-23T08:32:50.092Z",
        "binary": "iVBORw0KGgoAAAANSUhEUgAAAAEAAAABAQMAAAAl21bKAAAAA1BMVEUAAACnej3aAAAAAXRSTlMAQObYZgAAAApJREFUCNdjYAAAAAIAAeIhvDMAAAAASUVORK5CYII="
    }
},
{
    "model": "mrsattachment.mrsattachment",
    "pk": 12,
    "fields": {
        "mrsrequest_uuid": "35fe2514-b1e7-4f97-955a-f163788afdf3",
        "filename": "1x1.png",
        "creation_datetime": "2018-10-23T08:32:54.738Z",
        "binary": "iVBORw0KGgoAAAANSUhEUgAAAAEAAAABAQMAAAAl21bKAAAAA1BMVEUAAACnej3aAAAAAXRSTlMAQObYZgAAAApJREFUCNdjYAAAAAIAAeIhvDMAAAAASUVORK5CYII="
    }
},
{
    "model": "mrsemail.emailtemplate",
    "pk": 1,
    "fields": {
        "name": "PMT: manquante",
        "subject": "PMT manquante sur {{ display_id }}",
        "body": "PMT manquante sur {{ display_id }}: Contenu de mail",
        "active": true
    }
},
{
    "model": "mrsrequest.bill",
    "pk": 2,
    "fields": {
        "mrsrequest": "13751dc2-18bb-4925-a8b4-84383a042bae",
        "mode": "vp"
    }
},
{
    "model": "mrsrequest.bill",
    "pk": 3,
    "fields": {
        "mrsrequest": "13751dc2-18bb-4925-a8b4-84383a042bae",
        "mode": "vp"
    }
},
{
    "model": "mrsrequest.bill",
    "pk": 9,
    "fields": {
        "mrsrequest": "b83cd5c8-ae0a-4efd-b1ba-6e35775f10bb",
        "mode": "atp"
    }
},
{
    "model": "mrsrequest.bill",
    "pk": 11,
    "fields": {
        "mrsrequest": "35fe2514-b1e7-4f97-955a-f163788afdf3",
        "mode": "vp"
    }
},
{
    "model": "mrsrequest.bill",
    "pk": 12,
    "fields": {
        "mrsrequest": "35fe2514-b1e7-4f97-955a-f163788afdf3",
        "mode": "atp"
    }
},
{
    "model": "mrsrequest.pmt",
    "pk": 1,
    "fields": {
        "mrsrequest": "13751dc2-18bb-4925-a8b4-84383a042bae"
    }
},
{
    "model": "mrsrequest.pmt",
    "pk": 4,
    "fields": {
        "mrsrequest": "770efeec-34a8-49f6-ab04-c6dde9a4a679"
    }
},
{
    "model": "mrsrequest.pmt",
    "pk": 5,
    "fields": {
        "mrsrequest": "c697cf5a-dc4d-434d-89bc-1f606d05d39d"
    }
},
{
    "model": "mrsrequest.pmt",
    "pk": 6,
    "fields": {
        "mrsrequest": "ad2ac0fd-95e6-4b3f-9a4b-ef581e9e07c2"
    }
},
{
    "model": "mrsrequest.pmt",
    "pk": 7,
    "fields": {
        "mrsrequest": "f5ac697c-d4cd-34d4-89bc-39d1f606dd05"
    }
},
{
    "model": "mrsrequest.pmt",
    "pk": 8,
    "fields": {
        "mrsrequest": "b83cd5c8-ae0a-4efd-b1ba-6e35775f10bb"
    }
},
{
    "model": "mrsrequest.pmt",
    "pk": 10,
    "fields": {
        "mrsrequest": "35fe2514-b1e7-4f97-955a-f163788afdf3"
    }
},
{
    "model": "mrsrequest.transport",
    "pk": 1,
    "fields": {
        "mrsrequest": "13751dc2-18bb-4925-a8b4-84383a042bae",
        "date_depart": "2018-04-30",
        "date_return": "2018-04-30"
    }
},
{
    "model": "mrsrequest.transport",
    "pk": 2,
    "fields": {
        "mrsrequest": "13751dc2-18bb-4925-a8b4-84383a042bae",
        "date_depart": "2018-04-29",
        "date_return": "2018-04-29"
    }
},
{
    "model": "mrsrequest.transport",
    "pk": 3,
    "fields": {
        "mrsrequest": "770efeec-34a8-49f6-ab04-c6dde9a4a679",
        "date_depart": "2018-04-29",
        "date_return": "2018-04-29"
    }
},
{
    "model": "mrsrequest.transport",
    "pk": 4,
    "fields": {
        "mrsrequest": "c697cf5a-dc4d-434d-89bc-1f606d05d39d",
        "date_depart": "2018-03-26",
        "date_return": "2018-03-26"
    }
},
{
    "model": "mrsrequest.transport",
    "pk": 5,
    "fields": {
        "mrsrequest": "ad2ac0fd-95e6-4b3f-9a4b-ef581e9e07c2",
        "date_depart": "2018-05-07",
        "date_return": "2018-05-07"
    }
},
{
    "model": "mrsrequest.transport",
    "pk": 6,
    "fields": {
        "mrsrequest": "b83cd5c8-ae0a-4efd-b1ba-6e35775f10bb",
        "date_depart": "2018-10-01",
        "date_return": null
    }
},
{
    "model": "mrsrequest.transport",
    "pk": 7,
    "fields": {
        "mrsrequest": "b83cd5c8-ae0a-4efd-b1ba-6e35775f10bb",
        "date_depart": "2018-10-02",
        "date_return": null
    }
},
{
    "model": "mrsrequest.transport",
    "pk": 8,
    "fields": {
        "mrsrequest": "35fe2514-b1e7-4f97-955a-f163788afdf3",
        "date_depart": "2018-10-08",
        "date_return": null
    }
},
{
    "model": "mrsuser.user",
    "pk": 1,
    "fields": {
        "password": "pbkdf2_sha256$100000$UFg967PHT26y$FbgutuXw8aKNbKdcNFBmGkw8v6UFaU/RlxVA3BjaPmo=",
        "last_login": "2018-07-30T18:05:13Z",
        "username": "test",
        "first_name": "",
        "last_name": "",
        "email": "t@tt.tt",
        "is_active": true,
        "date_joined": "2018-05-01T17:05:57Z",
        "profile": "admin",
        "groups": [],
        "user_permissions": [],
        "caisses": []
    }
},
{
    "model": "mrsuser.user",
    "pk": 2,
    "fields": {
        "password": "pbkdf2_sha256$100000$UFg967PHT26y$FbgutuXw8aKNbKdcNFBmGkw8v6UFaU/RlxVA3BjaPmo=",
        "last_login": "2018-05-01T17:12:17Z",
        "username": "a",
        "first_name": "",
        "last_name": "",
        "email": "a@aa.aa",
        "is_active": true,
        "date_joined": "2018-05-01T17:11:24Z",
        "profile": "upn",
        "groups": [],
        "user_permissions": [],
        "caisses": [
            1
        ]
    }
},
{
    "model": "mrsuser.user",
    "pk": 3,
    "fields": {
        "password": "pbkdf2_sha256$100000$UFg967PHT26y$FbgutuXw8aKNbKdcNFBmGkw8v6UFaU/RlxVA3BjaPmo=",
        "last_login": "2018-07-30T18:05:35Z",
        "username": "b",
        "first_name": "",
        "last_name": "",
        "email": "b@example.com",
        "is_active": true,
        "date_joined": "2018-05-01T17:11:40Z",
        "profile": "upn",
        "groups": [],
        "user_permissions": [],
        "caisses": [
            2
        ]
    }
},
{
    "model": "mrsuser.user",
    "pk": 4,
    "fields": {
        "password": "pbkdf2_sha256$100000$UFg967PHT26y$FbgutuXw8aKNbKdcNFBmGkw8v6UFaU/RlxVA3BjaPmo=",
        "last_login": null,
        "username": "supporta",
        "first_name": "SupportA Prenom",
        "last_name": "Suport A Nom",
        "email": "supporta@example.com",
        "is_active": true,
        "date_joined": "2018-07-29T19:50:05Z",
        "profile": "support",
        "groups": [],
        "user_permissions": [],
        "caisses": [
            1
        ]
    }
},
{
    "model": "mrsuser.user",
    "pk": 5,
    "fields": {
        "password": "pbkdf2_sha256$100000$UFg967PHT26y$FbgutuXw8aKNbKdcNFBmGkw8v6UFaU/RlxVA3BjaPmo=",
        "last_login": null,
        "username": "stata",
        "first_name": "Stat prenom",
        "last_name": "Stat nom",
        "email": "stata@example.com",
        "is_active": true,
        "date_joined": "2018-07-29T19:50:42Z",
        "profile": "stat",
        "groups": [],
        "user_permissions": [],
        "caisses": [
            1
        ]
    }
},
{
    "model": "mrsuser.user",
    "pk": 6,
    "fields": {
        "password": "pbkdf2_sha256$100000$UFg967PHT26y$FbgutuXw8aKNbKdcNFBmGkw8v6UFaU/RlxVA3BjaPmo=",
        "last_login": null,
        "username": "statb",
        "first_name": "Statbprenom",
        "last_name": "Statbnom",
        "email": "statb@examplec.mo",
        "is_active": true,
        "date_joined": "2018-07-29T19:52:24Z",
        "profile": "stat",
        "groups": [],
        "user_permissions": [],
        "caisses": [
            2
        ]
    }
},
{
    "model": "mrsuser.user",
    "pk": 7,
    "fields": {
        "password": "pbkdf2_sha256$100000$UFg967PHT26y$FbgutuXw8aKNbKdcNFBmGkw8v6UFaU/RlxVA3BjaPmo=",
        "last_login": null,
        "username": "supportb",
        "first_name": "Support B Prenom",
        "last_name": "Support B Nom",
        "email": "supportb@example.com",
        "is_active": true,
        "date_joined": "2018-07-29T19:52:58Z",
        "profile": "support",
        "groups": [],
        "user_permissions": [],
        "caisses": [
            2
        ]
    }
},
{
    "model": "person.person",
    "pk": 1,
    "fields": {
        "first_name": "aoeu",
        "last_name": "aoeu",
        "birth_date": "2000-04-30",
        "email": "aoeu@example.com",
        "nir": 1111111111111,
        "shifted": null
    }
},
{
    "model": "person.person",
    "pk": 2,
    "fields": {
        "first_name": "uea",
        "last_name": "ue",
        "birth_date": "2000-04-30",
        "email": "aoeaoeuu@example.com",
        "nir": 2333333333333,
        "shifted": null
    }
},
{
    "model": "person.person",
    "pk": 3,
    "fields": {
        "first_name": "\u00e0\u00f4\u00e9\u00fb",
        "last_name": "\u00e0\u00f4\u00e9\u00fboaeu",
        "birth_date": "2000-05-06",
        "email": "jpic@example.com",
        "nir": 3212312312312,
        "shifted": null
    }
},
{
    "model": "person.person",
    "pk": 4,
    "fields": {
        "first_name": "oaeu",
        "last_name": "oaeuoaeuao",
        "birth_date": "2000-05-29",
        "email": "test@test.com",
        "nir": 1223123123123,
        "shifted": true
    }
},
{
    "model": "mrsrequest.mrsrequestlogentry",
    "pk": 11,
    "fields": {
        "datetime": "2018-05-01T15:13:15Z",
        "user": 2,
        "mrsrequest": "13751dc2-18bb-4925-a8b4-84383a042bae",
        "comment": "En cours de liquidation",
        "data": null,
        "action": 1000
    }
},
{
    "model": "mrsrequest.mrsrequestlogentry",
    "pk": 12,
    "fields": {
        "datetime": "2018-05-01T17:13:27Z",
        "user": 2,
        "mrsrequest": "13751dc2-18bb-4925-a8b4-84383a042bae",
        "comment": "Rejet pour autre motif",
        "data": {
            "body": "corps\nblabla",
            "subject": "Rejet pour autre motif"
        },
        "action": 999
    }
},
{
    "model": "mrsrequest.mrsrequestlogentry",
    "pk": 13,
    "fields": {
        "datetime": "2018-05-03T15:16:31Z",
        "user": 1,
        "mrsrequest": "c697cf5a-dc4d-434d-89bc-1f606d05d39d",
        "comment": "En cours de liquidation",
        "data": null,
        "action": 1000
    }
},
{
    "model": "mrsrequest.mrsrequestlogentry",
    "pk": 14,
    "fields": {
        "datetime": "2018-05-04T15:16:35Z",
        "user": 1,
        "mrsrequest": "c697cf5a-dc4d-434d-89bc-1f606d05d39d",
        "comment": "Valid\u00e9e",
        "data": null,
        "action": 2000
    }
},
{
    "model": "mrsrequest.mrsrequestlogentry",
    "pk": 15,
    "fields": {
        "datetime": "2018-05-05T15:17:19Z",
        "user": 1,
        "mrsrequest": "ad2ac0fd-95e6-4b3f-9a4b-ef581e9e07c2",
        "comment": "En cours de liquidation",
        "data": null,
        "action": 1000
    }
},
{
    "model": "mrsrequest.mrsrequestlogentry",
    "pk": 16,
    "fields": {
        "datetime": "2018-05-03T18:05:57Z",
        "user": 3,
        "mrsrequest": "f5ac697c-d4cd-34d4-89bc-39d1f606dd05",
        "comment": "En cours de liquidation",
        "data": null,
        "action": 1000
    }
},
{
    "model": "mrsrequest.mrsrequestlogentry",
    "pk": 17,
    "fields": {
        "datetime": "2018-05-04T18:06:03Z",
        "user": 3,
        "mrsrequest": "f5ac697c-d4cd-34d4-89bc-39d1f606dd05",
        "comment": "Valid\u00e9e",
        "data": null,
        "action": 2000
    }
},
{
    "model": "mrsrequest.mrsrequest",
    "pk": "13751dc2-18bb-4925-a8b4-84383a042bae",
    "fields": {
        "creation_datetime": "2018-05-01T17:10:12Z",
        "creation_ip": "127.0.0.1",
        "display_id": 201805010000,
        "caisse": 1,
        "insured": 1,
        "insured_shift": null,
        "distancevp": 123,
        "expensevp": "1.00",
        "expenseatp": "0.00",
        "status": 999,
        "status_datetime": "2018-05-01T17:13:27Z",
        "status_user": 2,
        "reject_template": 1,
        "institution": null,
        "mandate_date": null,
        "payment_base": null,
        "payment_amount": null,
        "adeli": null,
        "data": {
            "nir": 1111111111111,
            "email": "aoeu@example.com",
            "last_name": "aoeu",
            "birth_date": "2000-04-30",
            "first_name": "aoeu"
        },
        "taxi_cost": null,
        "saving": null,
        "delay": null
    }
},
{
    "model": "mrsrequest.mrsrequest",
    "pk": "35fe2514-b1e7-4f97-955a-f163788afdf3",
    "fields": {
        "creation_datetime": "2018-10-23T08:32:58.790Z",
        "creation_ip": "127.0.0.1",
        "display_id": 201810230001,
        "caisse": 2,
        "insured": 4,
        "insured_shift": null,
        "distancevp": 1,
        "expensevp": "1.00",
        "expenseatp": "3.00",
        "status": 1,
        "status_datetime": null,
        "status_user": null,
        "reject_template": null,
        "institution": null,
        "mandate_date": null,
        "payment_base": null,
        "payment_amount": null,
        "adeli": null,
        "data": {
            "nir": 1223123123123,
            "email": "test@test.com",
            "last_name": "oaeuoaeuao",
            "birth_date": "2000-05-29",
            "first_name": "oaeu"
        },
        "taxi_cost": "1.47",
        "saving": null,
        "delay": null
    }
},
{
    "model": "mrsrequest.mrsrequest",
    "pk": "770efeec-34a8-49f6-ab04-c6dde9a4a679",
    "fields": {
        "creation_datetime": "2018-05-01T17:10:48Z",
        "creation_ip": "127.0.0.1",
        "display_id": 201805010001,
        "caisse": 2,
        "insured": 2,
        "insured_shift": null,
        "distancevp": 12,
        "expensevp": "0.00",
        "expenseatp": "0.00",
        "status": 2000,
        "status_datetime": "2018-07-30T18:06:03Z",
        "status_user": 3,
        "reject_template": null,
        "institution": null,
        "mandate_date": null,
        "payment_base": null,
        "payment_amount": null,
        "adeli": null,
        "data": {
            "nir": 2333333333333,
            "email": "aoeaoeuu@example.com",
            "last_name": "ue",
            "birth_date": "2000-04-30",
            "first_name": "uea"
        },
        "taxi_cost": "21.15",
        "saving": "0.00",
        "delay": null
    }
},
{
    "model": "mrsrequest.mrsrequest",
    "pk": "ad2ac0fd-95e6-4b3f-9a4b-ef581e9e07c2",
    "fields": {
        "creation_datetime": "2018-05-02T15:17:03Z",
        "creation_ip": "127.0.0.1",
        "display_id": 201805020001,
        "caisse": 1,
        "insured": 4,
        "insured_shift": null,
        "distancevp": 3,
        "expensevp": "0.00",
        "expenseatp": "0.00",
        "status": 1000,
        "status_datetime": "2018-05-05T15:17:19Z",
        "status_user": 1,
        "reject_template": null,
        "institution": null,
        "mandate_date": null,
        "payment_base": null,
        "payment_amount": null,
        "adeli": null,
        "data": {
            "nir": 1223123123123,
            "email": "test@test.com",
            "last_name": "oaeuoaeuao",
            "birth_date": "2000-05-29",
            "first_name": "oaeu"
        },
        "taxi_cost": null,
        "saving": null,
        "delay": null
    }
},
{
    "model": "mrsrequest.mrsrequest",
    "pk": "b83cd5c8-ae0a-4efd-b1ba-6e35775f10bb",
    "fields": {
        "creation_datetime": "2018-10-23T08:31:36.603Z",
        "creation_ip": "127.0.0.1",
        "display_id": 201810230000,
        "caisse": 2,
        "insured": 4,
        "insured_shift": null,
        "distancevp": null,
        "expensevp": "0.00",
        "expenseatp": "4.00",
        "status": 1,
        "status_datetime": null,
        "status_user": null,
        "reject_template": null,
        "institution": null,
        "mandate_date": null,
        "payment_base": null,
        "payment_amount": null,
        "adeli": null,
        "data": {
            "nir": 1223123123123,
            "email": "test@test.com",
            "last_name": "oaeuoaeuao",
            "birth_date": "2000-05-29",
            "first_name": "oaeu"
        },
        "taxi_cost": "0.00",
        "saving": null,
        "delay": null
    }
},
{
    "model": "mrsrequest.mrsrequest",
    "pk": "c697cf5a-dc4d-434d-89bc-1f606d05d39d",
    "fields": {
        "creation_datetime": "2018-05-02T15:16:12Z",
        "creation_ip": "127.0.0.1",
        "display_id": 201805020000,
        "caisse": 1,
        "insured": 3,
        "insured_shift": null,
        "distancevp": 5,
        "expensevp": "0.00",
        "expenseatp": "0.00",
        "status": 2000,
        "status_datetime": "2018-05-04T15:16:35Z",
        "status_user": 1,
        "reject_template": null,
        "institution": null,
        "mandate_date": null,
        "payment_base": null,
        "payment_amount": null,
        "adeli": null,
        "data": {
            "nir": 3212312312312,
            "email": "jpic@example.com",
            "last_name": "\u00e0\u00f4\u00e9\u00fboaeu",
            "birth_date": "2000-05-06",
            "first_name": "\u00e0\u00f4\u00e9\u00fb"
        },
        "taxi_cost": null,
        "saving": null,
        "delay": null
    }
},
{
    "model": "mrsrequest.mrsrequest",
    "pk": "f5ac697c-d4cd-34d4-89bc-39d1f606dd05",
    "fields": {
        "creation_datetime": "2018-05-02T15:18:12Z",
        "creation_ip": "127.0.0.1",
        "display_id": 201805020002,
        "caisse": 1,
        "insured": 4,
        "insured_shift": true,
        "distancevp": 5,
        "expensevp": "0.00",
        "expenseatp": "0.00",
        "status": 2000,
        "status_datetime": "2018-05-04T15:16:35Z",
        "status_user": 1,
        "reject_template": null,
        "institution": null,
        "mandate_date": "2018-05-17",
        "payment_base": "2.00",
        "payment_amount": "2.00",
        "adeli": null,
        "data": {
            "nir": 1223123123123,
            "email": "test@test.com",
            "last_name": "oaeuoaeuao",
            "birth_date": "2000-05-29",
            "first_name": "oaeu"
        },
        "taxi_cost": "7.37",
        "saving": "5.37",
        "delay": "84.36"
    }
}
]
